{
 "pdb_file": "high_resolution_structures/56/pdb256b.ent.gz",
 "ligand_name": "HEM",
 "ligand_n_heavy_atoms": 43,
 "ligand_number": "109 A ",
 "ligand_total_energy": -15.250415644932735,
 "binding_site_energies": [
  [
   3,
   "3 A ",
   "LEU",
   {
    "fa_atr": -1.8567562273901796,
    "fa_rep": 0.5144859578038337,
    "fa_sol": -0.5517862836331674,
    "fa_elec": -0.11277361973396727,
    "lk_ball_wtd": 0.06294936081134306,
    "hbond_bb_sc": 0.0,
    "hbond_sc": 0.0,
    "weighted_total": -2.1753994931538623,
    "residue_total_energy": -2.7318999900881646
   }
  ],
  [
   4,
   "4 A ",
   "GLU",
   {
    "fa_atr": -2.690232281900155,
    "fa_rep": 0.6820692751519359,
    "fa_sol": 3.7137484812199535,
    "fa_elec": 1.6319865684231822,
    "lk_ball_wtd": -0.02707136039854812,
    "hbond_bb_sc": 0.0,
    "hbond_sc": 0.0,
    "weighted_total": 3.003569508677997,
    "residue_total_energy": 6.744580931183548
   }
  ],
  [
   10,
   "10 A ",
   "LEU",
   {
    "fa_atr": -3.522100590537283,
    "fa_rep": 0.18322067685493215,
    "fa_sol": -1.7273677525172622,
    "fa_elec": 0.12203660860279246,
    "lk_ball_wtd": -0.10008255574016235,
    "hbond_bb_sc": 0.0,
    "hbond_sc": 0.0,
    "weighted_total": -5.126742917921702,
    "residue_total_energy": -6.991052536356618
   }
  ],
  [
   11,
   "11 A ",
   "ASN",
   {
    "fa_atr": -2.4893469555754777,
    "fa_rep": 0.08541991148061172,
    "fa_sol": -0.22088553892773272,
    "fa_elec": -0.050988089964118764,
    "lk_ball_wtd": -0.09660679044117242,
    "hbond_bb_sc": 0.0,
    "hbond_sc": 0.0,
    "weighted_total": -2.810846423594165,
    "residue_total_energy": 0.10675334620444177
   }
  ],
  [
   46,
   "46 A ",
   "PRO",
   {
    "fa_atr": -1.4607218923487029,
    "fa_rep": 0.04742955606845185,
    "fa_sol": 1.231988790529941,
    "fa_elec": -0.16060517453964426,
    "lk_ball_wtd": -0.26662077948688034,
    "hbond_bb_sc": 0.0,
    "hbond_sc": 0.0,
    "weighted_total": -0.6298728000076381,
    "residue_total_energy": -0.6810738125907606
   }
  ],
  [
   61,
   "61 A ",
   "PHE",
   {
    "fa_atr": -2.24555330212238,
    "fa_rep": 0.4484429070472852,
    "fa_sol": -0.7971791309786356,
    "fa_elec": -0.41950152630814286,
    "lk_ball_wtd": 0.10751437823186717,
    "hbond_bb_sc": 0.0,
    "hbond_sc": 0.0,
    "weighted_total": -3.1080759823012842,
    "residue_total_energy": -5.393361083423471
   }
  ],
  [
   65,
   "65 A ",
   "PHE",
   {
    "fa_atr": -3.441007122552411,
    "fa_rep": 0.6542617302533414,
    "fa_sol": -1.6104316431568977,
    "fa_elec": -0.30885049435322676,
    "lk_ball_wtd": -0.04177904233117143,
    "hbond_bb_sc": 0.0,
    "hbond_sc": 0.0,
    "weighted_total": -5.042224350754369,
    "residue_total_energy": -5.126275062973382
   }
  ],
  [
   68,
   "68 A ",
   "LEU",
   {
    "fa_atr": -1.9066906559110255,
    "fa_rep": 0.06858371225287505,
    "fa_sol": -1.567290378200676,
    "fa_elec": 0.10011462238641784,
    "lk_ball_wtd": 0.0,
    "hbond_bb_sc": 0.0,
    "hbond_sc": 0.0,
    "weighted_total": -3.3361453699862023,
    "residue_total_energy": -1.1206575200286084
   }
  ],
  [
   98,
   "98 A ",
   "ARG",
   {
    "fa_atr": -4.8059656735542555,
    "fa_rep": 1.4814216562735638,
    "fa_sol": -0.014873175953153711,
    "fa_elec": -0.5153772224024364,
    "lk_ball_wtd": 0.0341259145150295,
    "hbond_bb_sc": 0.0,
    "hbond_sc": 0.0,
    "weighted_total": -4.487308246444357,
    "residue_total_energy": -3.408941987647849
   }
  ],
  [
   101,
   "101 A ",
   "TYR",
   {
    "fa_atr": -2.694987629900233,
    "fa_rep": 1.2571026638569665,
    "fa_sol": -0.8823040820160414,
    "fa_elec": -0.13187922832504825,
    "lk_ball_wtd": -0.0701582884257391,
    "hbond_bb_sc": 0.0,
    "hbond_sc": 0.0,
    "weighted_total": -3.08792276354573,
    "residue_total_energy": -2.4604900326021433
   }
  ],
  [
   105,
   "105 A ",
   "TYR",
   {
    "fa_atr": -1.298537526592874,
    "fa_rep": 0.1454016249780854,
    "fa_sol": -0.20916852686356488,
    "fa_elec": -0.11521098863841904,
    "lk_ball_wtd": -0.1492786548416723,
    "hbond_bb_sc": 0.0,
    "hbond_sc": 0.0,
    "weighted_total": -1.6922248031985831,
    "residue_total_energy": -2.433675527509902
   }
  ],
  [
   106,
   "106 A ",
   "ARG",
   {
    "fa_atr": -3.9365969371827507,
    "fa_rep": 1.0538770839614162,
    "fa_sol": 0.558502292642177,
    "fa_elec": -0.3772720498175908,
    "lk_ball_wtd": -0.027398231927173902,
    "hbond_bb_sc": 0.0,
    "hbond_sc": 0.0,
    "weighted_total": -3.2031325301065596,
    "residue_total_energy": 4.9255899430027466
   }
  ]
 ]
}